,mean,p5,p50,p95
Day 30,3287.6992847327815,-117897.42106573127,1105.666297534583,122734.151382719
Day 60,2697.547234163983,-162419.23788110327,1492.6147957515345,172350.59722932754
Day 90,-46.15474954513833,-205025.43054026907,-1719.8414577250842,209982.21102095765
